id,GPStime,centralFreq,peakFreq,snr,ifo,bandwidth,duration
YVnrMXRcUP,1132260729.84,2960.81,38.027,63.4,H1,5902.753418,2
qD8uxo1Jeu,1132725238.507,1119.993,324.754,11.789,H1,2135.070557,0.07
Z5grpD4TOG,1128421606.355,236.863,134.965,8,L1,211.306503,0.047
4TskgvMLa2,1132885869.673,1905.332,137.711,14.362,H1,3742.343506,0.125
ZMEZmAs4gO,1132755312.856,1119.433,170.654,9.087,H1,2174.645996,0.23
9GBIUUjgZl,1134014965.281,2411.479,10.88,23.746,L1,4810.672363,1.75
xWVKeJoM00,1133139100.116,352.957,137.711,110.611,H1,670.013184,1.5
lVel5ZFeo7,1133195175.267,232.973,137.711,22.669,H1,430.044647,0.5
8csWRkVAdm,1136799065.781,131.169,129.45,7.536,L1,4.65917,0.75
jpIGx2mIqs,1134636724.375,2959.164,10.362,36.287,L1,5906.043457,6.75
hiFqWQVn5g,1132644423.402,4424.746,1046.149,11.857,L1,7051.473633,0.645
VJQT8VNkQj,1135333677.813,2399.434,11.139,8.183,H1,4780.712891,3.25
10XWucXqN5,1129719539.815,300.035,121.663,14.763,L1,536.069153,0.188
CqfSs5I04j,1127007485.774,177.478,99.067,13.012,H1,258.43045,0.094
EzlaTKFAg3,1128388972.105,186.775,134.965,7.798,L1,125.532547,0.055
7oYpXfxz3V,1126595214.113,1972.764,225.349,924.024,H1,3881.52832,5.875
ZRBcq5DuGW,1130941353.328,61.445,59.708,15.511,H1,38.22551,1.25
VMFKye1Co9,1127326450.507,1613.772,183.495,307.559,H1,3163.544189,1.625
El4ErjloMU,1133008316.427,303.81,262.065,11.603,H1,502.703705,0.047
7XZbPwSpC2,1132126154.159,3981.086,111.128,281.79,L1,7938.793457,2.637
Wvy39iUgpo,1132224307.775,191.88,89.676,14.412,H1,339.271149,0.25
QxN8tDOTrS,1127167891.266,62.156,60.799,13.194,H1,27.78573,0.625
IbJfxlp7Kg,1132552484.875,3697.979,18.113,453.564,L1,7387.958496,9
tYKlS2KyrW,1135118752.375,1324.697,10.179,16.332,L1,2635.286133,3.35
COLQfWR1NV,1133143418.808,440.05,211.477,29.686,H1,824.968018,0.219
jWcxPi19ME,1128421871.332,182.187,134.965,9.996,L1,227.876022,0.047
Snqy9wknOU,1128633054.224,368.471,149.414,57.126,H1,658.344238,0.344
b1w4OftZvn,1132628782.682,4460.082,1810.334,14.013,L1,6301.775879,0.538
wFvsoT4Cvu,1133682231.97,663.572,111.128,44.423,H1,1291.24292,0.75
djV1ZgWm6B,1130088075.172,71.08,59.708,14.45,H1,57.495892,0.875
qxO9diw1h9,1133874202.129,70.829,47.124,13.017,L1,105.757057,0.75
t0XCPjQqNR,1128397780.731,444.386,121.663,69.947,H1,824.772766,0.75
uQiUCgOWOJ,1132319182.603,206.987,137.711,10.514,H1,309.057831,0.078
TVSnYhS2YP,1132158485.727,2484.819,13.013,16.178,L1,4957.352051,2.25
0uV5aQjPHF,1128442672.71,1371.171,417.4,34.647,L1,2663.744629,0.188
kEnyn76fdF,1129507224.403,838.171,339.876,14.818,H1,1497.552124,0.047
904C3wJOi0,1128683958.208,1653.409,512.608,60.335,H1,3242.818115,0.875
1dlDfES24R,1126841884.397,212.456,121.663,25.929,H1,328.385895,0.281
NQP27Bgre2,1131108946.375,3978.902,11.327,12.016,L1,7943.162109,8.353
lt97JI7uzZ,1134149338.295,288.703,72.366,15.053,H1,532.917053,0.313
LSt3dVNzkR,1126564887.507,140.865,99.067,20.288,L1,217.730896,0.25
6ooVRyaxlA,1132783277.604,97.816,111.128,7.81,H1,110.968559,0.02
QiknPLcspF,1135808062.632,294.661,211.477,21.201,H1,521.001648,0.313
SmWjrifztw,1129349617.924,2011.657,1451.715,8.875,L1,3803.743408,1.035
gl4TNB000L,1133213833.279,294.661,211.477,12.718,H1,521.001648,0.063
AHJfQESty0,1133689338.938,1102.549,53.224,9.505,H1,2148.629883,0.969
p0E6cnRTRr,1127188969.775,144.515,80.667,9.69,H1,210.431824,0.125
WH7CrF4MvV,1132580128.923,2007.188,137.711,8.314,H1,3884.363037,0.08
wJaDLHFTUr,1134463720.2,303.81,170.654,9.625,L1,502.703705,0.031
4A5SeLoXsa,1128635189.524,247.28,149.414,20.051,L1,430.560944,0.156
ZjJsOTL8dQ,1129710237.577,1993.16,121.663,8.623,L1,3840.737305,1.741
JkV15f6sMF,1134003232.88,250.227,137.711,14.678,H1,395.537262,0.156
YIKuxKXJYt,1136394076.431,2959.899,137.711,12.516,H1,5904.574219,1.375
hZOrxwRnK7,1134569501.379,2194.916,38.027,17.316,L1,4360.859863,0.775
riKntMUvAJ,1128986114.607,300.035,53.485,67.004,H1,536.069153,1.125
QGKPYKyJH4,1133991086.195,49.254,27.9,22.028,H1,62.606571,0.344
q2WU61huEq,1132823761.788,3703.222,111.128,164.047,L1,7377.473145,1.833
ni1RiljeQW,1129703530.972,148.997,149.414,8.209,H1,201.46788,0.016
L1ZDV1Oum4,1131657211.434,69.097,38.027,14.628,H1,109.222214,0.5
WXg5Akg7aG,1135316056.688,3238.679,22.287,21.038,H1,6448.387207,2.031
4WXT7g575l,1132660467.473,2636.786,47.124,29.614,H1,5237.670898,1.125
5EUciU3au8,1136404645.922,2818.908,12.239,19.09,H1,5622.592285,5.25
9Q5CL00Apa,1126952509.948,1104.523,183.495,311.605,H1,2145.045654,1.875
GTq0Q5wzwu,1129282220.361,168.977,53.485,11.151,H1,273.953857,0.25
zorZbyGfgT,1133688818.971,2199.807,72.366,68.158,L1,4363.711914,1.25
6aTSFRMWQu,1128879173.62,555.735,225.349,16.992,L1,992.927429,0.094
sUGo98tur0,1132035830.699,4007.745,262.065,22.055,L1,7885.476074,0.156
5uWBE0rB2h,1131469796.813,3121.531,29.636,14.277,L1,6192.341309,2
7NqEdITJ1D,1135644619.141,2473.778,10.501,8.366,L1,4933.144531,1.5
9RiquKul0P,1134155690.23,2652.091,38.027,28.049,L1,5268.28125,1.25
eKniGvL4Cb,1128775339.345,448.036,99.067,11.183,H1,817.473694,0.156
A4JoNyThCT,1134158150.511,3133.703,111.128,49.263,H1,6231.503906,2.375
lCn6toiziz,1130153920.638,195.779,183.481,7.873,L1,191.902512,1.082
iJbGPXQSrA,1136566819.031,1464.572,15.513,7.679,H1,2905.765137,2.25
gNxzvOJgLQ,1128404089.738,190.906,120.558,12.051,L1,163.58963,0.055
BcW9VNu7Vl,1130785940.498,1031.46,262.065,12.633,H1,1958.004639,0.047
hLHeshYD1B,1134479070.313,24.323,20.388,13.036,H1,19.674629,2.25
fSqtHJivia,1126885178.106,662.101,149.414,80.879,H1,1260.201172,0.875
hzED3UKstY,1131000870.891,2502.803,59.708,13.633,H1,4920.942383,1
oCUxZeVneM,1127431820.749,300.035,99.067,31.816,H1,536.069153,0.438
kyXFmL7wB7,1127315774.324,452.518,213.307,8.994,H1,808.509766,0.109
P4cmyJRAnx,1128335875.378,1891.203,225.349,627.356,H1,3718.40625,1.688
fGvq7wGGF1,1134990782.494,1048.789,402.439,59.689,L1,2029.258057,0.313
xobLuxZCkT,1127321331.562,148.997,99.067,9.477,H1,201.46788,0.047
rC81k90j5G,1136567004.938,3977.241,16.117,1669.547,H1,7946.48291,6.984
Q034HPdK5T,1135125840.948,2208.839,111.128,15.764,L1,4333.013672,0.274
rh30pN3Fun,1135538198.922,3977.241,17.422,44.207,L1,7946.48291,5
HXBBLVJRXM,1127311299.668,2145.089,1711.164,8.222,L1,3536.879395,0.039
i5GlVLIk94,1134146449.825,213.261,170.654,8.462,H1,296.509125,0.031
71dTTEfDQq,1126783440.139,83.413,53.485,11.934,H1,102.826599,0.313
B9RG6OZTuO,1128388955.426,764.215,134.965,7.925,L1,1280.412354,0.104
LvEPtSuyiy,1129362419.146,1521.968,80.667,264.85,H1,2979.936523,2.688
OonOZHaR0U,1127385269.344,776.262,48.344,7.698,H1,1457.91394,0.577
qqVrg3FF6o,1132803799.533,288.703,89.676,27.393,H1,532.917053,0.375
2hhFYCQWDF,1130068435.162,235.12,89.676,29.019,H1,425.75058,0.625
mqzze2HIi4,1133473450.688,1080.194,64.915,7.966,L1,2031.755493,0.625
i0xCA0weGF,1136037713.688,1712.784,47.068,23.833,H1,3403.660889,2.125
qtD0srbEhR,1134923781.375,3585.045,10.072,167.801,H1,7160.17627,15
dXjtH7mau8,1129801670.202,1748.486,2025.31,26.653,H1,3432.9729,0.25
7OhMIqow1P,1130979647.378,1703.891,498.708,139.251,H1,3392.557617,2.875
L7MeMN0I4U,1131659209.875,2831.446,10.179,8.598,L1,5650.606934,2.75
lFauB3ofxV,1128744128.353,364.822,121.663,108.379,H1,665.643311,0.906
8ISicZk0GB,1136623688.375,1167.741,10.179,11.11,L1,2323.197266,1.5
5kz961pbGT,1127824213.665,1563.55,629.531,892.404,L1,3063.099121,5.125
rtaaGWBMZu,1129193922.341,1233.127,276.75,15.938,H1,2320.672363,0.063
gG3qOGfkj5,1127181622.985,204.324,183.495,14.842,L1,344.648926,0.141
gS7Quwm36G,1128700677.715,190.182,169.15,8.974,H1,119.097008,0.197
goQWqytlBn,1131343302.219,3978.551,38.713,502.414,L1,7943.863281,2.414
EzmosEsbVf,1129802108.761,1748.486,2025.31,18.858,H1,3432.9729,0.094
SKMQNG0MJU,1132548531.868,440.05,211.477,41.257,H1,824.968018,0.625
oVMV4EJz1Y,1136286059.875,3457.911,11.127,32.903,L1,6907.822266,5.25
hTdJMgNZRt,1126524017.909,250.93,99.067,20.711,H1,423.261902,0.313
chQLyZklAq,1136406237.008,1956.611,560.503,8.045,L1,2887.116699,0.189
E5aPQop6HO,1128035619.979,131.31,99.067,10.888,H1,144.076462,0.156
OCCxaEzQYc,1127450029.421,316.764,183.495,18.105,H1,554.930786,0.375
HbDdyDThON,1127240201.149,2149.876,1752.337,7.742,L1,1645.055664,0.646
wqQUYLKBe7,1129984716.597,291.364,211.477,20.214,H1,527.595764,0.297
TNEcs1m4pB,1126409567.512,277.571,35.462,58.189,L1,491.14151,1.5
zdwD5WBZ1w,1133583269.163,452.496,170.654,13.2,H1,800.075928,0.156
QLrjzTAynR,1127354958.359,68.829,59.089,12.406,H1,41.13155,0.688
EDTnxDr8RA,1134116769.842,87.773,58.396,16.673,H1,131.055557,1.25
Q3scb4u549,1129657775.734,293.132,60.799,11.313,H1,489.737183,0.688
w9qCVV22ZU,1135101974.203,585.235,10.501,7.923,L1,1158.185669,1.5
FeH0hdNvQ6,1135049214.559,1251.541,47.124,99.883,H1,2479.702881,2.5
8tNNUQHjZI,1127315837.412,1212.732,80.667,13.174,H1,2361.463379,0.313
p4hFsRIg8L,1133916609.266,2881.473,262.065,24.134,L1,5658.030273,0.234
FGf6Ah4RJ5,1126874416.863,600.182,645.337,10.497,H1,275.241272,0.258
R1gMuJOlDx,1134922282.766,115.92,108.772,7.834,L1,75.723717,1
r50zpfYUP4,1127496952.195,1704.822,221.064,8.716,H1,3139.991699,0.375
OeachqqctF,1132211767.158,3005.522,89.676,94.757,H1,5982.073242,1.594
uqo158972r,1128421761.746,214.352,134.965,7.76,L1,180.685379,0.039
V00ksgdP5z,1129802281.171,2014.709,2025.31,21.405,H1,3146.442871,0.143
YwZ9oNPUfK,1130298198.298,3053.012,183.481,7.812,L1,5981.602051,2.438
c56zEfJDCZ,1133166777.838,197.838,89.676,14.47,H1,327.355743,0.5
3c9uXjxWYC,1128432850.176,1212.732,43.551,623.47,L1,2361.463379,5.688
G1Bqq2CG27,1132389786.551,361.062,211.477,16.305,L1,653.803711,0.063
vKGJy10y9R,1129068185.814,173.538,137.896,7.596,H1,152.386063,0.234
zBdhaYGt12,1136633256.625,113.056,22.301,18.945,H1,208.923203,2.75
MAywMCapRB,1128467894.81,670.232,183.495,14.888,H1,1243.93811,0.125
FS87tK16hu,1134268032.926,57.157,38.027,13.596,H1,85.342102,1.25
q7cf8AJooE,1132160285.114,206.987,137.711,9.856,H1,309.057831,0.154
uFrJe1q18M,1131059034.116,3577.736,170.654,88.993,H1,7140.248047,1.25
gn9fbgA5yQ,1134163238.613,58.889,38.027,14.107,L1,81.876953,0.375
3wIB9y4D8y,1129724323.141,57.674,60.799,15.046,H1,36.74968,0.75
d53Z7rQZO7,1132884909.591,675.763,211.477,14.648,H1,1266.861816,0.237
1NHTqhTAs6,1128421710.73,182.187,134.965,9.88,L1,227.876022,0.172
ggO9UHvnax,1134461913.345,2819.819,137.711,209.248,H1,5620.771484,2.5
5OeQ0ZnZDM,1135504508.984,3978.313,15.488,92.199,L1,7944.340332,7.5
eixWby4XR5,1128331858.221,98.79,53.485,7.515,H1,133.579987,0.063
wsQy1cidDJ,1135878015.623,370.211,211.477,15.796,H1,635.505798,0.094
6GWmuMgIN8,1136038111.406,656.747,46.261,11.983,H1,1274.809448,1.781
tJywNmz3Hr,1132966339.626,671.677,262.065,25.4,H1,1275.033447,0.25
Q9G6NwQY5L,1136694873.516,721.396,246.224,8.495,L1,1136.191406,2.891
SiDy9o3LRV,1136439112.219,2968.672,10.88,14.608,H1,5925.05957,2.5
GoYFog55Pr,1135329126.375,3360.372,26.944,13.073,H1,6691.771973,2.25
P2sZi9Am4B,1134409736.926,3911.897,324.754,60.772,H1,7779.305664,0.642
iHbYGch54z,1137217085.514,1751.744,1527.022,12.127,L1,1479.296509,0.063
vZUjcgwtmY,1129313195.391,169.563,122.105,7.567,H1,160.336334,0.781
BHqXLizINH,1132726511.563,3448.536,65.531,8.203,L1,6771.488281,0.75
nI8fjXSxMz,1128539719.438,1521.968,33.663,433.991,L1,2979.936523,7.219
AvUJqkla3t,1132218333.818,549.402,262.065,12.738,H1,1014.139771,0.039
Gjj69KHorC,1133336441.813,64.72,64.915,8.55,L1,3.85665,0.5
3YZVBSHb0b,1128421908.746,182.187,134.965,9.324,L1,227.876022,0.172
d6uPuMxnCU,1135809905.347,240.642,137.711,24.321,H1,414.707062,0.5
OfsbtNFosc,1129298428.489,245.593,236.873,7.957,H1,129.722855,0.207
U24gu66XS6,1134909854.731,2373.628,261.193,48.659,H1,4734.970215,5
zB4WfhUzBH,1129074348.229,300.035,121.663,13.317,H1,536.069153,0.078
P8AnICRswl,1133991118.836,2810.734,48.249,28.888,H1,5585.565918,0.538
dkGJWPOmyQ,1135552142.907,2867.661,170.654,284.225,L1,5711.942383,3.5
J76kRUQauA,1136413342.531,3404.973,10.88,10.064,H1,6794.723145,2.091
N3HBofs3Zf,1134298384.563,3904.581,20.755,20.182,H1,7793.938477,4.75
vpES1tBhbw,1132170377.366,1879.561,137.711,25.149,H1,3703.990479,0.313
IBTpqhTfIX,1128672502.993,204.324,212.58,10.684,L1,344.648926,0.188
tRy1dOwHZB,1136286068.09,1680.326,477.053,8.576,L1,3113.23584,0.38
zRj2jWGWvp,1132938811.923,539.358,262.065,30.833,H1,1034.226807,0.313
i3DEmNlkYn,1132634875.656,3586.373,10.88,12.554,L1,7157.521484,1.75
ZPa91JliQh,1128421884.238,186.419,134.965,8.926,L1,239.533707,0.188
pQlCR2QIzo,1132150962.311,2282.823,58.396,48.97,H1,4536.675293,1.5
HJEfzXPlpO,1127383505.867,1410.662,196.888,9.089,H1,2473.34082,3.344
vHSQYM08jR,1130059160.603,1251.541,137.711,190.066,H1,2479.702881,1.5
Yf0xlV8CV4,1136452699.781,11.802,11.319,9.249,H1,5.367,0.75
f483cSh56y,1134389287.296,1032.509,111.128,21.339,H1,2009.885376,0.438
qiOJvCXifs,1135914526.107,1101.794,211.477,26.363,L1,2170.473877,1.25
y3ZWmj6qog,1132261499.363,3977.241,24.763,3386.574,L1,7946.48291,8.75
TN9Y1ISPHd,1127445159.456,1770.325,183.495,7.812,L1,3330.222656,0.685
GTsqYQqtRF,1129756285.921,464.782,225.349,14.467,L1,783.981567,0.047
DT4HtpVI8h,1130880755.386,2373.035,211.477,2056.615,H1,4736.15625,5.75
cfSUWOZT5E,1126670412.905,172.996,121.663,14.227,L1,267.394379,0.25
3tdb2QUKa3,1126618732.359,52.396,48.394,10.636,H1,40.791199,0.5
BsqzCxu0yX,1128741710.982,452.518,80.667,10.963,H1,808.509766,0.094
V14d3XImw2,1132932414.905,3028.785,111.128,149.926,L1,6028.598633,1.75
q9vXfgcHVU,1134529418.875,3230.68,18.634,827.75,L1,6453.36084,9.469
12ms779EAt,1133798911.875,16.244,10.93,7.531,L1,12.0025,1.25
GScxLTNi7b,1134156833.59,58.889,38.027,21.531,L1,81.876953,1
Df52cCVWQE,1132644128.875,3868.626,10.93,9.602,L1,7719.015137,2.965
WqkNjbEBVp,1131907589.875,2958.093,22.513,502.805,L1,5908.186035,1
XNSLFLF0Be,1136122875.063,2753.833,12.32,15.835,H1,5489.429688,2.875
yLl687BwrQ,1132076040.345,361.062,137.711,16.51,H1,653.803711,0.25
GLho1tndJJ,1128486960.826,144.515,80.667,11.752,L1,210.431824,0.156
c3er1YENhI,1129802346.716,2084.469,2025.31,13.62,H1,2380.697266,0.086
VsbYmo2j8w,1135964602.712,206.987,137.711,13.025,H1,309.057831,0.078
ZLBDD0Wokm,1132615533.875,3977.241,18.113,891.189,L1,7946.48291,10.375
7e2R0acZqD,1135762907.07,1145.32,13.013,8.161,H1,2273.593018,2.75
Vqy6KyhEKk,1132968148.888,3403.646,262.065,1743.639,H1,6797.37793,5.75
bhYfz7Ru6V,1128432690.457,158.524,134.965,8.349,L1,69.029388,0.047
5uA2L70sTz,1132633877.255,1921.928,324.754,88.592,H1,3807.954834,0.75
AsTKFhYJ4e,1136213121.508,269.83,320.854,8.84,L1,347.598877,0.299
a4mGvLi67m,1127425449.104,2110.111,1337.828,9.776,L1,3606.834961,0.034
5bBKueDYyB,1129785585.886,104.072,99.067,7.618,L1,123.016418,0.719
Ka8zlni585,1128421906.73,187.218,134.965,9.215,L1,237.936432,0.141
3j1g2dDRhd,1135126905.984,10.373,10.501,8.422,L1,8.45979,0.813
7ha0PR2NFl,1133275377.188,3412.29,30.711,13.66,H1,6780.090332,1.809
lx7QH00J7c,1133681530.563,1248.083,31.825,12.762,H1,2459.845459,1.5
V8PiUaIOsV,1126645666.488,169.347,43.551,69.673,H1,274.693451,1.75
ZBZ7nEiD3W,1131653578.271,112.066,72.366,11.503,H1,155.81163,0.156
lG0bCA0HKi,1132732533.361,2483.958,262.065,50.397,L1,4912.784668,0.459
eie9I6Bpmq,1133377410.6,3000.758,262.065,1187.584,H1,5991.602051,5.772
t7B4wDupji,1136738034.781,3403.167,31.546,11378.675,H1,6798.334961,8.52
4itmbqTtPY,1135363302.476,843.689,324.754,18.933,H1,1557.363403,0.188
3MEJG6m6DW,1130504178.266,61.445,59.708,11.908,H1,38.22551,0.875
Fmgdq6pkRq,1127356823.524,1972.764,225.349,2797.802,H1,3881.52832,9.375
GaEDByUfcN,1136432347.094,3362.469,10.88,16.583,H1,6712.651855,2.25
7az8yGOKof,1128127032.427,169.347,121.663,13.592,H1,274.693451,0.375
NtL8iTdvBU,1131158203.951,93.73,72.366,10.972,H1,119.140137,0.195
HG3t386fnu,1135121673.022,3992.322,170.654,29.531,L1,7916.322754,0.354
FXuPYd1Fwe,1130820001.109,71.08,59.708,12.867,H1,57.495892,0.75
Oc2BIxai3I,1128676552.973,2024.177,966.99,8.614,L1,3778.701904,0.052
QIoXrcjoZn,1129511913.677,961.621,121.663,110.726,H1,1859.24292,0.813
qsqFavpg2H,1129802206.403,1844.602,2025.31,12.995,H1,3600.660889,0.08
2TcRx3KxzS,1134481143.688,1148.301,20.755,11.639,H1,2267.630371,2.25
CPl1mS6S3r,1136369248.094,3075.628,11.319,73.683,H1,6141.343262,17.416
BLJ1wgcJL2,1130325322.563,3726.06,65.531,8.444,L1,7331.797852,0.875
8BuGpVy4hu,1126813597.641,1787.213,773.125,40.939,H1,3510.425537,1.25
MfbPEHjZbt,1128282880.27,1972.764,339.876,1628.572,H1,3881.52832,5.813
r0f4mfaKIp,1131705493.375,2727.208,11.327,11.271,L1,5439.192383,2.5
FCxwC8khre,1129652583.193,802.791,80.667,155.551,H1,1541.581543,1.523
NaefVHBbfn,1128124754.858,172.996,121.663,11.619,L1,267.394379,0.109
epj68ty39F,1132052084.384,3001.351,170.654,309.048,H1,5990.416504,3.5
J2M5TzYyZ2,1136263108.875,3977.241,10.179,17.199,L1,7946.48291,5.5
LPqZH5F4Cv,1132577392.375,2080.594,10.362,18.501,H1,4146.160156,7.75
4XuDDupa0O,1135136387.375,3610.547,10.179,27.452,L1,7208.809082,11.562
iWXqefnsgC,1135052734.109,3084.154,17.422,14.912,H1,6150.071289,1.5
4LReLF04BM,1135797142.659,245.164,137.711,19.483,L1,405.663574,0.25
VTMz4naGRR,1136035510.063,3356.656,33.572,48.611,H1,6699.203125,5.496
6fgYgqa5iV,1128090616.479,169.347,99.067,28.465,H1,274.693451,0.438
8MiALG6Akm,1131373836.125,2960.423,18.986,17.409,H1,5903.526855,3.875
U2JMkwJOXd,1134163739.875,2375.601,33.174,10.24,H1,4731.024414,2.5
9QxkGeifnJ,1132609710.433,3025.839,111.128,69.368,H1,6034.489746,2.5
dEQjr7J37W,1131327463.747,361.062,170.654,28.947,L1,653.803711,0.281
OoZNv7Zt7r,1127665924.674,179.421,153.654,8.694,H1,140.620026,0.621
6YgN0aFmBB,1131610124.69,447.433,262.065,13.246,H1,810.202271,0.094
RiTNwU1wPp,1126587927.102,52.396,48.865,8.887,H1,40.791199,0.375
UWO0M2TmlH,1136608375.313,3875.874,31.263,57284.523,H1,7743.748047,12.938
6v91LCqP3i,1135852287.586,3759.073,16.125,63.178,L1,7505.860352,4
CrSY3DlqTT,1128409835.234,64.347,60.799,11.396,H1,50.095501,0.5
f5vUERbaKz,1137227665.688,2389.549,10.416,12.773,L1,4763.874023,5.586
Urt7elGjMf,1132636612.563,3877.68,10.627,14.972,L1,7740.13623,1.906
jSpR4Nb2Ug,1133013463.813,2372.448,65.531,8.909,L1,4619.312012,0.875
JMJqAOooG7,1127182355.438,1972.764,33.663,2505.466,H1,3881.52832,11.25
UU14m8oBSG,1136036694.938,350.669,45.752,13.591,H1,661.242859,2.063
1qKrnGT8IM,1127310411.258,57.674,61.241,9.931,L1,36.74968,0.188
NceZRnylmE,1133254269.375,3557.916,18.634,8.135,L1,7079.579102,1.75
bedwmKr00r,1132768028.231,245.06,170.654,24.288,H1,405.870361,0.219
vF2GIFmCZ8,1131200015.11,1285.975,211.477,11.426,H1,2410.834961,0.039
QMyWH9mdtO,1136398161.315,3581.173,111.128,79.924,L1,7133.374512,1.258
8txzgRLc0r,1128404076.566,173.139,127.559,8.691,L1,111.870872,0.031
sDd80bMv4Q,1128129394.703,68.829,60.799,11.716,H1,41.13155,0.5
koxnDbhH7R,1134789770.219,2735.056,10.88,15.618,H1,5457.826172,2.5
hWzzq9QKoX,1136998980.125,3241.46,31.943,8.643,H1,6442.824707,1.75
BhkbBcUzOU,1135102264.594,11.107,10.88,8.3,L1,6.9904,1
jmHUk2jvrM,1126403296.665,1653.409,183.495,249.062,H1,3242.818115,1.246
HGrIkE6j6K,1133958049.125,2411.255,10.179,10.94,L1,4811.120605,2.75
ZhGnqJMZHc,1129751482.229,1258.804,121.663,8.885,L1,2372.026367,0.311
09ty1J8mPl,1134508332.188,11.619,11.139,9.324,H1,2.72301,1.5
GmqjM2SzZ8,1127462961.664,50.275,48.865,9.054,H1,21.951,0.563
jmkmLrcNuX,1137023278.125,3519.262,10.179,23.254,L1,7023.300293,3.5
Rz2BGh2E6F,1126638721.906,809.473,225.349,96.993,H1,1554.946655,1.125
XNK7vTF2CT,1129068684.437,665.75,99.067,11.137,H1,1252.9021,0.078
xVzeEWSozX,1132751501.758,1197.173,324.754,9.376,H1,2264.333252,0.042
919ZSMqUsM,1134127100.694,2977.259,137.711,13.138,H1,5869.854492,0.203
UrDMDihKcI,1129014980.594,62.745,64.579,7.728,L1,15.55391,0.875
BAg9pWsYk4,1135345227.375,727.073,19.722,12.27,H1,1425.174927,2.293
wSZqmXLadL,1126870928.194,247.28,149.414,26.16,L1,430.560944,0.537
nL70yEGHzM,1136514203.406,3234.508,10.88,17.302,H1,6456.72998,3.5
C365fFKZGZ,1137221529.021,1857.021,1527.022,9.185,L1,1154.477173,0.182
9c97hSMWYU,1128755957.531,229.582,33.399,9.968,H1,395.164825,0.875
hJgjUaLccj,1136407604.453,2485.443,12.239,19.343,H1,4955.662109,3.339
jX9qcC8Euw,1136400733.662,2337.266,89.676,7.993,H1,4645.561523,1.172
IoEBSY7uu4,1126842720.858,144.515,121.663,13.597,L1,210.431824,0.188
i5FbRt1bg0,1127785982.429,526.374,99.067,16.934,H1,988.747314,0.313
ZMlhcs8r65,1137123977.906,2505.955,15.513,10.481,H1,4993.044434,2.25
ggbs7qHoV0,1131610064.438,85.191,50.289,7.561,L1,77.033058,1.375
klOe2Zm2EZ,1133617331.913,2376.401,262.065,190.223,L1,4729.423828,2
fOZUzgtAf0,1131893737.578,3977.72,12.239,18.419,L1,7945.525879,3
DnckJMyWZs,1132683310.121,1251.541,38.027,68.994,H1,2479.702881,2.125
y58TW19Sp9,1128674210.915,670.232,225.349,25.474,H1,1243.93811,0.188
bEVrdpwTAf,1128538480.482,1112.585,80.667,20.659,H1,2161.169922,0.563
FKPXh16Ufs,1132266874.832,70.829,47.124,17.288,L1,105.757057,0.5
B74ZXJiNoD,1132525630.151,665.719,170.654,40.078,H1,1286.948853,0.563
KiKESn5suZ,1134158344.238,1266.862,402.439,24.127,H1,2449.060303,0.313
k00vL3YJRw,1133004726.635,2635.054,72.366,81.022,H1,5241.13623,1.5
len2fHlT2I,1135288961.813,3424.383,21.507,12.675,H1,6819.794922,2.25
dB9yR5h6nP,1133229535.64,687.1,324.754,16.756,H1,1244.18689,0.078
UCQu5GsTa3,1130573559.438,2629.811,64.915,7.592,L1,5251.621582,1.5
X4GtnbxcpY,1128421594.73,236.863,134.965,8.206,L1,211.306503,0.039
6mlcrbgEKM,1136999291.375,1638.178,28.516,22.387,H1,3261.449463,4.813
g2cZFvP9l9,1132688553.499,2403.871,170.654,120.207,H1,4771.839844,1.313
TJbU5PwGjO,1129192332.578,62.156,60.799,13.493,H1,27.78573,0.625
0TnZj6skbc,1132754741.919,1807.654,262.065,54.471,H1,3570.818359,0.5
6NnaZfln3D,1130686375.675,832.351,324.754,30.486,H1,1580.03833,0.188
QKUQVJg6tK,1135537946.102,3979.047,13.013,11.205,L1,7942.870605,0.821
ugZS9Tml1s,1129364514.986,1918.295,1311.805,8.361,L1,3657.800293,1.075
fOLkDz2TeM,1131714083.191,82.495,38.027,40.767,H1,141.611008,2
03j7aXVJM5,1135545705.875,3523.503,33.807,12.001,H1,7014.818359,3.75
Plj2Di3skI,1133271461.25,3004.124,402.439,83.784,H1,5984.869629,1.75
CtQam14vlE,1129802183.29,1838.466,2025.31,36.178,H1,3612.932861,0.477
xuY5KRxwqR,1127325366.597,1758.767,149.414,13.936,H1,3453.533447,0.188
x5js4s1Qhb,1128404146.551,166.702,120.558,7.753,L1,111.860588,0.031
QaNsNjZntW,1128125232.427,141.021,121.663,14.647,H1,218.041656,0.25
hA6KD0FfLR,1135851270.375,3758.001,10.179,21.554,L1,7508.00293,3.309
8a7Xd0hzWf,1135538052.862,3982.484,111.128,303.984,L1,7935.99707,1.852
y8aPu1Q3gK,1131484733.813,3977.241,28.094,41.526,L1,7946.48291,6.25
npH3ccTKQj,1129802302.966,1830.361,2025.31,21.903,H1,3515.139648,0.196
oPTqYeCsdR,1126691331.938,1944.64,40.05,288.079,L1,3825.279297,8.375
m79TfeiJit,1133001021.361,1026.397,262.065,54.91,H1,1968.130981,0.313
CkaIHW26Mm,1133617377.541,680.826,324.754,18.653,H1,1256.735474,0.125
14ArH6uST2,1131156546.172,61.445,59.708,14.768,H1,38.22551,1
XHiRsCcJRC,1134615314.069,138.77,111.128,14.993,H1,193.290634,0.188
TUv6Sx9172,1128421774.988,162.795,134.965,10.388,L1,173.492905,0.055
M3S5IBlLjM,1135695597.938,3485.115,28.599,12.634,L1,6959.265625,2.783
P9RPineFtK,1136408066.841,2318.364,111.128,10.151,H1,4552.064941,0.14
DFHdtPgGkQ,1129980357.531,3866.067,12.055,8.505,L1,7724.133789,1.883
6JKXZgtsOn,1134013579.266,2441.006,10.501,12.897,L1,4869.726563,1.5
LAiAsRmCFm,1135873560.669,294.225,170.654,25.114,H1,521.873535,0.375
6FxdDX27qw,1134786310.438,1300.538,10.416,30.073,L1,2585.851318,4.25
sL3UYymoI6,1128432689.996,135.778,134.965,8.637,L1,114.520508,0.156
KpvvKF0k65,1135749343.328,12.781,10.501,8.476,L1,10.33876,0.75
f5LTaXAx50,1136106224.556,2827.76,262.065,1137.106,L1,5645.605469,7.875
nKLz6EN2As,1128432662.613,190.298,134.965,8.225,L1,135.997086,0.086
laWw1pZvhP,1133972479.943,2966.487,89.676,29.171,H1,5891.398926,0.5
dtwL4VoAOI,1129801800.642,1838.466,2025.31,18.406,H1,3612.932861,0.107
Uu7ozD2biA,1133489721.728,663.572,137.711,158.022,L1,1291.24292,0.875
b9UbxFw0as,1134494480.379,3807.963,262.065,2872.459,H1,7606.012695,13.5
gDBiElgZmJ,1137227119.865,2978.205,1527.022,10.065,L1,3970.137695,0.212
YLDrZtRqRZ,1127432277.758,848.366,512.608,27.413,H1,1477.161621,0.086
zgJUpcqKQH,1126409776.813,285,38.907,709.283,L1,506.000183,2
gvfgGypbvF,1130576857.105,3761.846,47.124,146.471,H1,7500.313477,3
6oIszvycSp,1129756078.862,204.324,99.067,27.332,H1,344.648926,0.375
Xo2X5oIjxh,1131393403.766,3940.311,10.501,22.243,L1,7870.70752,10
t4OzBjKaXd,1130171375.353,197.838,137.711,14.65,H1,327.355743,0.156
dMtzQmLpwX,1134540963.625,2411.719,10.179,7.993,L1,4810.191406,1.25
AOOwUrI8Ed,1126621227.308,204.324,149.414,12.998,H1,344.648926,0.063
msDuPUIhvI,1134493182.438,2970.42,11.139,7.759,L1,5920.354492,1.25
NLoVPdSsht,1131387346.813,65.518,64.915,8.384,L1,5.45236,0.75
Xn1Hy4jP5U,1136905432.547,3977.241,22.047,7469.256,H1,7946.48291,18.023
DmjWHMSADi,1130400093.789,2815.099,13.013,17.839,L1,5614.975098,1.75
W01MLOYUUA,1136034879.094,3654.068,23.318,8.423,H1,7295.697754,1.75
ZarDVZL4EN,1132035847.625,3979.047,10.737,9.255,L1,7942.870605,3.492
b13AmAknRK,1135841121.563,3676.866,10.771,8.338,H1,7335.494629,2
OqCSbzhOAD,1129610335.325,1972.764,225.349,2333.718,H1,3881.52832,5.431
WNIjFICOmt,1129176532.498,169.347,65.684,51.442,H1,274.693451,1.125
7ozApDjz0v,1135047082.125,2959.164,10.179,25.678,L1,5906.043457,5.5
GkP3flwkI7,1131526733.438,64.203,64.915,8.73,L1,8.08396,0.625
f0abV4BGAR,1133964964.531,43.626,38.587,12.167,L1,42.762009,0.875
LLJ6Y6puNu,1132996432.325,167.031,111.128,10.363,H1,249.398407,0.094
6jmhlcxKsr,1132504676.758,2818.174,13.013,23.706,L1,5624.062012,3.5
xjQnKkWDYC,1129011186.234,56.045,59.089,12.054,H1,33.492142,0.492
9AqS8Wqifw,1134483183.213,2391.722,89.676,11.25,H1,4698.78125,0.5
CFHwrTnqqg,1129311448.431,234.445,212.58,8.371,H1,144.496994,0.09
vPHbnVojbS,1129075267.569,364.822,149.414,48.685,H1,665.643311,0.375
b20OczFp3r,1134788933.203,2528.072,19.599,13.841,H1,5043.85791,1.75
lNwwH3rpM0,1133870030.662,97.816,72.366,10.611,L1,110.968559,0.109
4qRmp9J5jo,1128421679.582,182.187,134.965,8.558,L1,227.876022,0.039
j34emtOH9H,1129802343.544,1752.136,2025.31,13.314,H1,3425.673828,0.157
GILC6I6bh3,1132882103.573,1259.479,262.065,39.216,L1,2463.826172,0.438
jNDHgRp12Z,1126881898.236,169.347,65.684,15.26,H1,274.693451,0.5
6P9f4eTYar,1136955053.594,1329.946,139.622,8.959,H1,2388.094971,2.75
37PFuzqg40,1136996806.825,447.433,211.477,22.962,H1,810.202271,0.188
JslIENxtk2,1129503002.921,1972.764,276.75,2834.773,H1,3881.52832,5.973
xamgYrk1yD,1133285246.188,2059.012,29.636,15.206,H1,4085.170166,2.445
jAt5kksYZX,1128404080.629,173.139,127.559,8.817,L1,111.870872,0.047
QiExKwO7VT,1128432677.996,137.535,134.965,7.989,L1,111.007088,0.242
YGieTQ76GO,1134162080.278,3063.767,324.754,45.652,L1,6074.92334,0.25
ccYsBIyy9J,1136514835.656,658.403,11.319,15.968,H1,1301.581665,2.5
k9WqlxKMHS,1132959840.719,539.358,262.065,41.651,H1,1034.226807,0.438
YZSLWjl5Pr,1135690212.457,2971.446,24.763,41.962,H1,5919.512695,2
vHwLQq3dnQ,1128419554.974,255.412,183.495,7.83,H1,414.297943,0.02
YUWExWofVm,1134471639.438,2049.148,32.397,11.725,H1,4062.394043,1.75
G8PTmLemxj,1136417681.396,1009.037,89.676,15.603,H1,2002.850708,2.75
wmeCcLyayn,1128432671.809,191.153,134.965,7.768,L1,134.287079,0.039
7OMzTf3GVp,1133467491.95,1047.874,262.065,15.916,H1,2011.084351,0.316
EUmGp8lG6h,1130063415.578,61.445,59.708,13.061,H1,38.22551,0.75
nyze0ts3UY,1135962417.666,675.763,211.477,23.462,H1,1266.861816,0.125
l3OJqJT6FC,1134927051.188,3030.517,38.229,13.696,H1,6025.133301,3.492
HwQiYr6QSM,1136391467.265,3404.973,111.128,24.377,H1,6794.723145,6.104
5C3f8Xvzjb,1135864429.151,1237.403,170.654,27.657,H1,2406.485107,0.375
IqoW41Wq2l,1129457999.615,1521.968,512.608,58.62,L1,2979.936523,0.25
ymTz6sxbTe,1128421720.332,206.665,134.965,9.389,L1,178.921906,0.047
JbENLlPpL1,1130322770.672,3261.421,10.501,12.745,L1,6514.568359,2
2mJtpRIcz3,1135969891.139,680.826,262.065,19.388,H1,1256.735474,0.156
33ALVcrVvQ,1132893136.624,235.12,111.128,22.541,H1,425.75058,0.438
8jb7OmudBd,1132662295.38,3150.956,262.065,12.916,H1,6196.996582,0.133
nL9pUhLj7j,1127309352.646,378.457,121.663,7.857,H1,638.371704,0.016
lIdoYoShGz,1136427993.063,3982.484,21.507,22.288,L1,7935.99707,2.75
ZSGzBw99zU,1128955313.938,1508.581,40.05,32.015,H1,2953.162598,5.188
0qXEWs9mLu,1127623226.595,662.101,225.349,34.303,H1,1260.201172,0.375
U6lPYchhDw,1133163272.431,437.389,137.711,57.303,H1,830.289307,0.5
TyOUOhjqos,1129712524.249,146.371,121.663,7.593,L1,113.953499,0.412
TfVdOfjdgZ,1130775643.672,1241.489,59.708,14.117,H1,2398.313477,0.75
xD6QqYLOej,1130833305.328,1173.892,59.708,14.432,H1,2263.120117,1
M5CL0rda6x,1128331323.315,1212.732,99.067,15.099,H1,2361.463379,0.125
JEMS3YBSsA,1135556651.25,3979.047,13.64,65.586,L1,7942.870605,6.596
v9R3L0Lwnb,1134016431.656,3940.311,10.88,15.224,L1,7870.70752,3.25
WWJA1GkoqK,1137023311.063,2485.443,11.139,33.268,L1,4955.662109,3.5
P7DrS9aXcQ,1137238474.992,2775.503,211.477,9.89,H1,5446.090332,0.063
cmDsfk8HSf,1126814572.364,1748.486,121.663,80.159,H1,3432.9729,0.688
1o6t6QrbWC,1135778694.994,3619.079,324.754,2464.502,H1,7228.244629,7
oGUayuoh06,1134967349.422,2441.74,10.501,7.59,L1,4868.257324,1.75
P53WcMfVvx,1129801694.757,1809.965,2025.31,35.785,H1,3555.930908,0.574
hh0zNL8rvB,1132649028.993,384.261,211.477,8.918,H1,607.406616,0.016
2evM7Qg6Kh,1134762057.969,876.31,106.138,9.897,H1,1646.551758,3.438
z14FoWV603,1132505798.439,3490.203,89.676,265.672,L1,6944.503906,2.125
fAg8wbS3p3,1132374513.63,2171.245,262.065,39.167,H1,4257.82666,0.625
Hnpg4OI8Ws,1134546998.592,191.752,89.676,11.472,H1,339.528595,0.5
Mce5TQuXi9,1126849800.188,988.985,34.154,20.455,L1,1913.969849,4.742
MbThG6E4cj,1132680082.493,268.877,170.654,12.108,H1,469.434448,0.094
rGafBKUw7n,1129161268.556,1212.732,149.414,271.936,H1,2361.463379,1.125
sPTGHsM9q6,1133163021.359,3352.912,498.708,118.258,L1,6661.333984,0.866
1brGmKhDs8,1126409997.813,364.822,38.907,521.422,L1,665.643311,2.25
Zw03o2U2r9,1135467177.766,2441.006,10.501,9.005,L1,4869.726563,1.25
Cv1uujfWev,1127173531.51,91.545,65.684,7.872,H1,86.563591,0.094
SdLwdY5reL,1133291269.408,2377.799,89.676,143.801,H1,4726.627441,2
2xIM8Vf2Bu,1134476033.875,1597.66,18.322,7.628,H1,3159.642822,1.75
zfDmAidV06,1133451366.594,64.203,64.892,8.417,L1,8.08396,0.5
yz1sB7tmbg,1132652406.468,554.465,137.711,24.205,H1,1004.013428,0.313
owyoHTINdC,1131398055.614,191.88,170.654,16.103,H1,339.271149,0.188
6w8PQK3lbM,1127169866.874,240.931,236.873,7.848,H1,271.435699,0.641
QplZEVqy9R,1132613193.792,2959.696,262.065,1710.895,H1,5904.980469,9.25
xJNfNmdzZY,1131934106.969,814.256,10.88,16.44,L1,1616.227539,1.75
ZPbgW3UVMp,1132681237.31,1019.014,324.754,34.584,H1,1982.896729,0.188
YxIyRSPsuj,1137222183.217,1535.308,1527.022,9.249,L1,120.885483,0.055
IDkmC7BwPb,1136976071.875,2915.596,15.889,7.779,H1,5807.8125,2.125
Vg2xxpb8GL,1136636008.682,2822.345,72.366,108.077,L1,5615.71875,1.875
VSigltLNED,1136034684.438,3814.46,53.224,11.142,H1,7593.018555,2
Qhc496axwB,1133101828.285,376.485,211.477,18.279,H1,622.957153,0.125
KuJZ0AXo0r,1132154714.954,288.703,170.654,13.412,H1,532.917053,0.375
0a4jJojYry,1127667756.747,1737.401,121.663,189.745,H1,3410.80127,1.274
c2rYXQbUrw,1135975518.508,72.976,58.294,38.448,L1,101.463013,1.25
kRhT7zGHVd,1132154169.547,3546.861,12.239,23.389,L1,7081.436035,3
r0fwzQbsfX,1137078807.063,13.601,10.771,10.713,H1,17.287951,2.125
5PpLZvCahu,1137225435.709,3499.096,1527.022,9.744,L1,4048.460205,0.143
jhHnZ45a8E,1127305887.685,1212.732,276.75,218.017,H1,2361.463379,2.25
34DWentUQv,1132763610.423,1817.951,111.128,95.062,H1,3606.931152,1.625
FD9jCDxkkl,1132234811.438,11.197,11.52,8.981,H1,7.16917,1.625
QdqqyTU5X2,1129379988.396,1972.764,53.485,1172.795,H1,3881.52832,8.125
oCZcMdZ5XL,1132672612.7,1266.862,324.754,15.456,H1,2449.060303,0.083
K5jy3BfAU0,1135543423.648,3979.047,16.125,21.525,L1,7942.870605,3
h1epXq5GT8,1132757355.202,460.386,211.477,31.364,H1,852.451477,0.313
3SR9iPJRNt,1132625454.414,1072.786,402.439,73.058,H1,2122.194336,2.045
1tPPFEVwo7,1130298444.906,3238.575,102.199,8.213,L1,6316.036133,3.295
vzglkmI7Fh,1137226583.1,3107.99,1527.022,9.584,L1,3266.247314,0.26
zE10K5PjRi,1130399840.758,3302.09,16.125,15.107,L1,6596.180664,1.563
4KUTtEsqpy,1134156753.938,2961.222,11.913,7.549,L1,5901.928711,2.111
j5LInv4Q8c,1132161910.721,351.225,58.396,79.356,H1,673.478333,1.375
zpRQdmvuDi,1132332433.517,2456.384,170.654,126.026,L1,4904.768555,3.75
5c51f4npHq,1131271611.875,2480.896,33.174,12.954,H1,4918.910156,1.75
eMwvkPgT5h,1127321469.358,444.386,149.414,79.504,H1,824.772766,0.344
ho0dsZsYpz,1129802398.323,1551.999,2025.31,8.929,H1,3015.45459,0.129
4qAQKkmc9U,1128404144.527,144.642,120.558,8.713,L1,155.97995,0.039
ap4xEck1U0,1132952968.618,384.261,211.477,9.287,H1,607.406616,0.031
n2uOcudO4d,1135870474.724,2817.138,498.708,70.912,H1,5610.897461,2.135
6X3NXw513Y,1133377118.938,146.277,49.816,15.234,H1,276.549866,2
Tkf9yQF52w,1134319803.814,535.479,72.366,161.189,L1,1041.985962,2.5
DpjuJRgHD9,1136005674.407,3005.522,211.477,127.287,H1,5982.073242,1.375
sWOVFMeQRZ,1130393793.68,2631.617,13.013,18.416,L1,5248.009766,1.5
C1zIgxI1XA,1135334186.693,112.066,72.366,9.935,H1,155.81163,0.047
l8e7Om8QOg,1128074554.905,204.324,99.067,12.936,H1,344.648926,0.094
5NLfZBKY5E,1132621550.651,2084.064,170.654,59.243,L1,4112.995605,0.564
P4GvgwtQZY,1128327500.641,60.527,60.799,12.883,H1,24.528191,0.75
u84svOMuu1,1132602181.886,206.987,137.711,10.726,H1,309.057831,0.063
JN4LS9p2SU,1136274213.875,3977.72,10.179,27.541,L1,7945.525879,6
02r7PgJFWL,1132382656.705,120.555,89.676,14.875,H1,229.721466,2.25
y7XwfoLdo1,1127657566.805,448.036,225.349,25.184,L1,817.473694,0.313
214sFDYSUn,1135039262.094,2344.961,21.083,9.362,H1,4654.02002,1.298
07CiWjTCiO,1131612954.781,1692.599,38.713,8.263,H1,3340.708252,1.318
jEXS0UZ68g,1130211661.281,61.445,60.429,13.866,H1,38.22551,1.125
3ql7CfxpEr,1129751868.888,2070.866,1996.2,7.704,H1,2179.118164,0.043
m31UnTUE17,1131338639.172,68.912,61.747,12.056,H1,32.907688,0.75
PHSqVL72Cw,1134493370.625,1467.703,26.944,10.284,H1,2899.503662,2.014
43hGJR8KQm,1132052056.506,2507.083,72.366,144.128,L1,4990.788086,2
nBwqmAFQXl,1133110180.984,1026.397,498.708,25.736,L1,1968.130981,0.125
L0X5B9qqWb,1134312757.219,3575.93,262.065,4068.207,H1,7143.859863,12.625
puf0fYUW2v,1128879175.612,1212.732,121.663,67.833,L1,2361.463379,1
Is2ypqC5rs,1131611792.813,3512.454,64.915,8.335,L1,6904.587402,0.752
1C30ktRFEH,1135144467.625,3458.982,11.327,80.285,L1,6905.679688,9.832
mukAcpesd0,1133934524.432,3296.161,205.675,84.109,H1,6568.942871,2.25
pFph51SVbG,1130207984.375,10.665,10.179,15.005,L1,7.64025,0.984
FdpX9A71Zj,1134321733.375,3023.613,32.862,15.927,H1,6028.360352,6.25
MbYefFzUVU,1132507038.109,2959.164,12.239,26.803,L1,5906.043457,5
NdLCHYxWEm,1135752365.875,3202.856,12.382,7.737,H1,6387.475098,7
3XMCkD5HlQ,1127790002.641,60.527,59.089,12.768,H1,24.528191,0.688
p6VkPhR8pi,1128937634.334,444.386,339.876,18.653,H1,824.772766,0.141
BXXzOsJAvr,1133297119.813,3002.085,30.711,17.597,H1,5988.947266,5.094
cG8qhwZzGb,1127989079.131,1916.919,53.485,1251.954,H1,3769.838623,7.027
BtW9Cs6OuC,1132728123.377,1026.397,402.439,34.049,H1,1968.130981,0.375
3GFm4GcMp8,1129501934.508,1563.55,46.733,1024.476,H1,3063.098877,6.188
AuERKp9IT5,1128404115.277,166.702,120.558,8.069,L1,111.860588,0.039
Iv7TfUinPg,1127316933.217,710.042,1151.55,13.118,H1,1088.924316,0.542
CpnhlQrDQu,1132780733.703,837.414,324.754,10.96,H1,1569.912109,0.014
ivB7DUb35U,1133298766.547,1910.996,324.754,59.623,H1,3777.503174,0.75
ajw0Ufx9Zk,1137220389.451,1796.419,1527.022,15.461,L1,1568.646362,0.078
Ir4cnSf0GN,1136207855.18,3828.924,463.93,10.304,L1,6808.554199,0.884
Bdf7R6qjBz,1136397465.859,2410.886,10.501,11.99,L1,4811.85791,1.033
9chpaKCyVE,1127521452.269,452.518,183.495,42.756,H1,808.509766,0.188
IGQMr8Hv3D,1128776358.806,1891.203,183.495,2580.898,H1,3718.40625,13.5
lUUxtg0Y4r,1129282711.461,74.542,57.881,11.024,H1,70.486023,0.313
XEZrIcNFgX,1136642071.126,3877.85,111.128,14.057,H1,7700.567383,0.078
jsH21KnYwr,1129345483.208,106.922,99.067,8.041,L1,117.316963,1.191
voAsDpwJb3,1127308575.774,1521.968,99.067,41.746,H1,2979.936523,1.063
pHrJw1NhgY,1129802382.874,1804.576,2025.31,17.158,H1,3463.570313,0.039
bUwrCdtfiB,1136439867.787,1654.726,72.366,16.116,H1,3294.227783,1.5
D3sClY1TPI,1129802201.552,1838.466,2025.31,21.328,H1,3612.932861,0.188
JMhsJQrr5f,1130094132.932,265.501,219.058,8.139,H1,192.030609,0.197
tFLhELwfsD,1128393258.533,60.697,53.485,8.87,H1,57.394569,0.125
wNaaKSpsCz,1133885962.813,1212.291,11.52,9.279,L1,2406.345215,1
xJljRgFJNH,1131155780.886,232.973,137.711,14.649,H1,430.044647,0.125
znhAKwGKrp,1135118087.703,3518.528,10.501,13.546,L1,7024.77002,1.445
aJZeaBErVf,1135738030.305,2473.247,13.013,12.925,L1,4934.208008,2.5
zqsv48frMo,1127217825.375,1204.031,225.349,41.342,L1,2344.061279,0.281
EXJxfDKrgX,1133272942.45,2631.75,137.711,45.855,H1,5208.367188,0.5
pDmG6QpUQQ,1133226609.214,824.968,170.654,26.815,H1,1594.804199,0.313
XaL6nKA76t,1129979699.531,60.351,64.892,7.69,L1,15.78638,0.5
zyrTO9FwMi,1135818894.509,3175.442,137.711,209.14,H1,6321.912598,1.5
Gqwe3zDFES,1133891832.875,3977.241,17.681,16.364,L1,7946.48291,7.83
yQMIQSQIvc,1127505996.406,65.03,65.52,8.214,L1,10.9851,0.5
Q9QtEun2TN,1135934861.571,2644.891,170.654,26.976,H1,5221.461426,0.51
b025nbSsov,1129344470.236,131.31,111.062,8.772,L1,144.076462,1.313
oNBk8kwr0R,1135124065.813,3979.047,10.416,16.64,L1,7942.870605,4
PpLttsMr4v,1133689316.625,3000.758,32.552,12.36,H1,5991.602051,4
OFxUy4so21,1135777575.903,206.987,137.711,15.312,L1,309.057831,0.078
XFECxWY6VS,1131404783.574,2373.628,211.477,1876.296,H1,4734.970215,5
X9df9oQQo4,1134791809.531,2092.19,11.319,9.406,H1,4169.15625,2.25
udVPUUQR7j,1129037105.656,61.497,60.945,8.247,H1,3.91992,1.125
YGETMsUiwc,1131373923.831,1250.235,170.654,8.727,H1,2482.314453,0.625
nyjwSJW0pm,1132628540.813,63.657,64.915,9.114,L1,6.99351,0.75
BJ9KwLZuOr,1127937709.508,1972.764,225.349,1630.141,H1,3881.52832,13
2QC7Snhgtp,1136457101.471,245.06,89.676,10.303,H1,405.870361,0.047
KHfsNlmLkM,1132903987.896,554.465,170.654,25.704,H1,1004.013428,0.188
o5bze0zcI3,1132018495.563,65.079,64.915,7.517,L1,1.52563,0.625
FVNrIIhrKt,1133052822.234,3979.047,15.488,26.485,L1,7942.870605,2.04
zGYO4mx5vI,1135751018.538,376.485,170.654,18.393,L1,622.957153,0.125
dWnBy02eCS,1132947672.625,2379.321,18.651,8.426,L1,4723.584961,2.5
bFdl4JOEnf,1126690555.465,247.28,43.551,39.478,H1,430.560944,1.125
RTxvdSgDaW,1133978757.182,2233.051,72.366,23.644,H1,4454.712402,4
klWXu9y9la,1126557742.594,64.428,65.52,8.033,L1,5.51028,0.688
LlWsSmEHD4,1126888185.524,1661.541,512.608,31.873,H1,3226.555176,0.125
FE6S3Qxoiv,1128264018.799,1684.695,65.684,10.624,H1,3305.390625,0.375
QAUpa4vmNr,1130680649.259,671.677,402.439,27.644,H1,1275.033447,0.625
QLCR06VDta,1133145242.656,1584.216,82.224,8.136,L1,3006.299805,0.5
88IRJq4mXP,1135593716.734,12.047,10.501,8.381,L1,11.80815,1.125
sTlD4J5kiW,1134987451.797,2435.093,10.501,7.801,L1,4854.962402,0.313
HRmg3CFXQP,1132718640.792,3386.983,262.065,2620.598,H1,6765.966309,5.867
NFsjCeyDet,1132642847.324,4092.949,645.911,13.238,L1,7715.066895,0.872
LrzTI24FVs,1134899563.97,3160.882,170.654,28.745,H1,6191.75,0.296
hL9imnfcc2,1136405230.571,2374.363,111.128,14.621,H1,4733.500977,1.443
Xsux1UyalH,1126790390.641,43.484,46.183,7.866,H1,22.968491,0.375
ajm1EQZnpL,1130023217.382,2373.035,262.065,1057.29,H1,4736.15625,5.875
1nPwoPkK4U,1132603586.143,1249.502,262.065,187.358,H1,2483.780273,1.492
HfyROOxmtC,1134586022.906,3518.528,10.88,21.729,L1,7024.77002,3.049
jzvTf8e53J,1135431703.501,222.515,206.402,9.869,H1,138.42984,0.156
ozXYhsjaDc,1134918140.906,3979.047,17.597,85.62,L1,7942.870605,3.5
SLfGgEiHsM,1136271831.375,3977.241,10.072,30.806,L1,7946.48291,10.5
mKsiteFt9B,1129712648.658,146.371,123.754,7.895,L1,113.953499,0.719
Hfuy5HEUrx,1132677688.688,437.389,111.128,33.391,H1,830.289307,0.5
XPPtD6NFb4,1132771527.792,310.084,262.065,14.418,H1,490.155029,0.055
7DIZM0cDaO,1131639784.324,103.961,47.124,17.881,L1,172.021103,1
KRaaElNqDB,1128404131.426,144.642,120.558,8.976,L1,155.97995,0.188
nV1oJDUkvE,1134870560.117,3404.239,13.013,20.843,H1,6796.192383,5.273
LQ4sDMpM8b,1134620748.922,2646.187,17.422,79.63,L1,5280.089355,5.5
AqjpSsewWK,1137220475.047,3743.019,13.768,11.65,H1,7467.172363,2.52
YXT82kzrGJ,1128432632.254,158.524,134.965,7.795,L1,69.029388,0.039
6okq4aX0fJ,1136034206.938,2375.678,23.511,17.502,H1,4730.870605,3.5
EMblTjaho5,1126843408.297,49.285,48.394,8.314,H1,19.97254,0.5
lyxbKlOO27,1131622542.922,61.445,59.708,14.017,H1,38.22551,0.875
o9WyT3Lcyw,1128667822.998,207.974,225.349,9.425,H1,337.349854,0.203
5fUGg3yyjh,1132674835.625,3762.222,30.468,15.955,L1,7499.561523,2.563
bYXvKARcD9,1134785165.666,1426.454,1176.064,7.716,H1,2129.876221,0.007
0ZyGTtfDFL,1135592804.242,3978.313,13.013,42.669,L1,7944.340332,7.088
wtEfDdkv0z,1135870056.755,447.433,211.477,17.639,H1,810.202271,0.156
avLhElhacc,1132140352.258,2866.375,324.754,141.552,H1,5714.513184,2.25
nCo7VVIQsI,1129003207.203,68.829,59.089,12.48,H1,41.13155,0.563
1bQoHx48gh,1133743972.813,2645.822,10.771,8.943,L1,5280.820313,1.75
ZL19oo4ycX,1130553736.85,286.556,89.676,49.025,L1,537.211121,1.125
dRQtsx4f2Z,1134877085.056,2630.882,170.654,26.649,H1,5249.479004,2.75
NvDzz0BOjx,1135602947.094,3808.556,10.88,10.413,L1,7604.82666,3.082
AjEFwC4RrZ,1135664763.25,3306.798,13.64,9.146,L1,6586.765625,2.5
G4G19SZidd,1134919557.92,3189.14,163.105,7.513,L1,6135.234375,0.484
vaYysGSAYP,1129166760.787,1075.919,65.684,179.093,H1,2087.836914,1.88
jrMUc08dCq,1135870594.25,2488.938,15.57,9.614,H1,4948.671875,3.5
lsBRhnCxor,1128934124.663,990.461,417.4,72.054,L1,1916.922485,0.438
Q0CXs5zutB,1132948578.984,1916.024,10.501,13.977,L1,3819.762939,2
uNW9jwOdlf,1133683530.875,2825.126,31.642,11.512,H1,5610.156738,1.5
JblTgHeJ3i,1134908982.412,2631.617,101.852,46.048,H1,5248.009766,0.875
N5b4FRXonv,1129968026.164,57.157,27.9,31.373,H1,85.342102,0.328
teugqi3KY8,1136461283.667,1502.506,111.128,21.041,H1,2989.787842,2.517
VBw5VpJp4G,1134787045.086,3794.754,13.013,17.906,H1,7577.223633,5.25
idR10QDSkm,1133361945.798,2977.259,111.128,9.648,H1,5869.854492,0.119
ZRkGHvmYZN,1135057726.211,3303.896,13.013,12.127,H1,6592.568848,2.033
qp8tK89lE5,1136035993.969,3584.23,44.642,9.48,H1,7127.259277,0.75
Y5gAZyS8rR,1128896483.824,448.036,225.349,40.956,H1,817.473694,0.313
H9fCSnPj4e,1133936778.875,2965.156,18.651,8.204,L1,5894.05957,1.5
VvykPZ3GoG,1128779800.436,198.044,171.213,9.739,H1,217.298889,1.573
0C6jSguPIs,1128404103.145,166.702,120.558,8.078,L1,111.860588,0.031
LW20qQo9Tc,1131368693.116,239.744,170.654,25.371,H1,416.502533,0.25
xCTMzLgYBM,1136406702.394,1547.489,111.128,18.867,H1,3079.754395,1.078
RYkN0RFSHG,1132212977.798,2083.811,498.708,78.61,H1,4138.649902,1.5
kSRcMDRUBO,1130541252.969,1326.259,61.515,12.796,H1,2567.855225,0.875
GVCojp5E12,1132604366.611,292.887,211.477,15.262,H1,524.549744,0.438
XAbOATLFPB,1132546486.313,383.578,64.915,8.233,L1,639.15564,0.75
T6Y6y0Lv5G,1132213011.682,860.915,324.754,73.962,H1,1677.341187,0.375
3ORuIrMLqT,1133137451.438,3986.212,28.599,12.968,L1,7928.541504,2.75
nvdyphEikS,1133492157.813,106.73,64.915,10.511,L1,93.139809,0.875
vsKKKS9ull,1133203229.409,352.957,137.711,39.483,H1,670.013184,0.563
h3HJu9tDhH,1133952821.147,1252.939,137.711,136.957,H1,2476.906494,1.625
OgK6LHV5cm,1132597460.239,458.77,211.477,11.332,H1,787.527283,0.039
xelwtuJgd7,1134885260,3903.846,211.477,3105.547,H1,7795.407715,6.5
vrvq78rsgb,1132992224.128,665.719,211.477,46.836,H1,1286.948853,0.563
JtLFk6uDTT,1136623829.906,3202.103,15.513,24.762,H1,6388.981445,3.5
mxfFjYyNCa,1134158823.313,2647.432,30.169,9.725,H1,5272.208984,2.5
qrqEZp0vjk,1128125232.423,169.347,121.663,11.625,L1,274.693451,0.219
pQyzGkEeSg,1130903152.359,420.682,59.708,13.088,H1,756.700317,0.688
FdIoWKLe5W,1128248726.721,98.79,80.667,12.343,H1,133.579987,0.125
5VbzA0xxkB,1134817223.031,2412.213,10.88,8.486,L1,4809.203125,1
2ysS9ed2Gj,1133446220.319,286.556,111.128,53.637,H1,537.211121,0.75
p6sg2GwHKH,1130262857.148,2473.981,13.013,16.869,L1,4932.738281,2.25
qGK5qtded9,1137221404.834,1827.218,1527.022,11.727,L1,1630.244751,0.166
kXREQ7NQha,1132715830.109,926.151,211.477,24.986,H1,1768.052124,0.399
NBu1HXODYz,1128218920.319,1322.492,339.876,207.212,H1,2580.983154,1.888
qItMObyVX2,1136288925.605,3560.35,652.047,7.905,L1,5846.623047,0.673
vhqc2CYthV,1136816702.75,3980.658,17.774,9.91,L1,7939.649414,16.5
tOOsvRMvKC,1130817323.329,162.945,111.128,21.054,H1,257.569977,0.375
vAKL0dv5RA,1130219480.969,66.508,60.429,11.923,H1,28.09918,1
SyXAbDdQAi,1135859719.864,3895.04,211.477,19.665,H1,7705.416504,0.287
Ik37aAmN70,1127320987.232,545.749,99.672,12.603,H1,1012.899963,0.938
S2WHTTUrh6,1128331582.616,994.111,149.414,12.18,H1,1909.623413,0.188
zSC54Lal1p,1132945462.107,2660.196,211.477,37.204,H1,5252.071777,0.625
8uYGGbTRq1,1132625563.223,103.961,47.124,23.352,H1,172.021103,1.25
beFFeFRzx7,1134478161.625,442.911,211.477,24.341,H1,819.245728,0.188
BVpTYl509R,1127309271.815,1216.381,183.495,28.396,H1,2354.164307,0.469
doQVIREP8I,1136293318.875,2925.57,11.327,37.973,L1,5835.916504,4.75
TuqpmtWIj5,1132923071.884,206.987,170.654,11.707,H1,309.057831,0.063
A8tpK3ZZv7,1135034836.481,365.148,211.477,14.56,H1,645.632141,0.102
5L3IFMvXCm,1128141587.198,1212.732,225.349,302.106,H1,2361.463379,2.297
118APZXBug,1132534228.171,1259.479,137.711,16.975,L1,2463.826172,0.313
BxqqNjh4VN,1127425534.938,1944.64,39.475,1238.459,L1,3825.279297,5.547
kwfvmV7VEK,1127654554.385,83.413,53.485,65.077,L1,102.826599,1.125
1w3HPi90Z4,1136265035.375,3244.309,10.179,53.412,L1,6478.70459,8
1C2JBW7KpY,1135102785.047,3808.556,17.422,139.266,L1,7604.82666,7.754
TI8DStfIX4,1136278682.125,3979.047,12.163,19.175,L1,7942.870605,4.617
LIAoKktuy8,1127111466.969,1212.732,40.781,93.85,H1,2361.463379,7.75
nO3XnlFye0,1129199353.358,662.101,149.414,74.626,H1,1260.201172,0.438
emhwbFvKBs,1133787492.272,671.677,170.654,27.766,H1,1275.033447,0.375
UWwq1ojfrU,1131063669.662,3698.458,89.676,83.563,H1,7387.001465,1.597
OPltjycZFB,1128388970.559,158.524,134.965,7.943,L1,69.029388,0.039
LFtvutSUqH,1134483185.813,1853.202,20.755,11.217,H1,3677.432861,2
cQl1WTd8Sb,1129802340.134,1818.097,2025.31,17.042,H1,3539.667725,0.088
aBkbkUaEIg,1132601386.615,2845.455,89.676,19.07,H1,5622.589355,0.375
